candidate_id,video_name,direction,raw_frame_index,clip_frame_index,timestamp_seconds,pipeline_track_id,confidence,traffic_light_state,was_armed,was_reported,anchor_name,anchor_x,anchor_y,bbox_x1,bbox_y1,bbox_x2,bbox_y2,manual_vehicle_id,object_is_car,entered_rv_after_red,is_violation,review_status,notes
1,SIANG.mp4,far_side,4374,26,145.851,4,0.6779,green,False,False,bottom_right,647.15,631.38,511.58,538.47,647.15,631.38,C01,true,false,false,reviewed, Car entered during yellow light; not a red light violation
2,SIANG.mp4,far_side,4392,44,146.451,3,0.7244,green,False,False,bottom_right,670.87,577.31,581.47,505.52,670.87,577.31,C02,true,false,false,reviewed, Car entered during yellow light; not a red light violation
3,SIANG.mp4,near_side,4419,71,147.351,1,0.7543,green,False,False,bottom_left,599.13,722.53,599.13,581.55,817.86,722.53,C03,true,false,false,reviewed, Car entered during yellow light; not a red light violation
4,SIANG.mp4,near_side,4490,142,149.719,6,0.7454,green,False,False,bottom_left,593.47,722.14,593.47,571.67,817.62,722.14,C04,true,false,false,reviewed, Car entered during yellow light; not a red light violation
5,SIANG.mp4,far_side,4529,181,151.019,8,0.5271,green,False,False,bottom_right,676.2,583.11,568.87,498.4,676.2,583.11,C05,true,false,false,reviewed, Car entered during yellow light; not a red light violation
6,SIANG.mp4,near_side,4547,199,151.619,10,0.792,green,False,False,bottom_left,606.89,723.73,606.89,577.81,808.32,723.73,C06,true,false,false,reviewed, Car entered during yellow light; not a red light violation
7,SIANG.mp4,far_side,4597,249,153.287,13,0.5997,green,False,False,bottom_right,726.35,575.11,622.02,500.2,726.35,575.11,C07,true,false,false,reviewed, Car entered during yellow light; not a red light violation
8,SIANG.mp4,far_side,4661,313,155.421,17,0.7177,green,False,False,bottom_right,742.4,574.62,627.23,497.67,742.4,574.62,C08,true,false,false,reviewed, Car entered during yellow light; not a red light violation
9,SIANG.mp4,near_side,4711,363,157.088,19,0.8523,green,False,False,bottom_left,609.01,721.72,609.01,564.45,835.41,721.72,C09,true,false,false,reviewed, Car entered during yellow light; not a red light violation
10,SIANG.mp4,far_side,5041,693,168.092,23,0.7282,green,False,False,bottom_right,633.84,578.09,527.32,501.58,633.84,578.09,C10,true,false,false,reviewed, Car entered during yellow light; not a red light violation
11,SIANG.mp4,far_side,5085,737,169.559,24,0.7337,green,False,False,bottom_right,665.51,577.18,555.22,492.41,665.51,577.18,C11,true,false,false,reviewed, Car entered during yellow light; not a red light violation
